source,target,label,src_label,trgt_label,link_style
node-1,node-2,ethernet link 1,et-0/0/0,et-0/0/1,edgeStyle=orthogonalEdgeStyle;curved=1;html=1;labelBackgroundColor=none;horizontal=0;labelPosition=center;verticalLabelPosition=middle;align=center;verticalAlign=middle;rotate=1;pointerEvents=1;
node-1,node-2,ethernet link 2,et-0/0/1,et-0/0/2,edgeStyle=orthogonalEdgeStyle;curved=1;html=1;labelBackgroundColor=none;horizontal=0;labelPosition=center;verticalLabelPosition=middle;align=center;verticalAlign=middle;rotate=1;pointerEvents=1;
node-1,node-2,ethernet link 3,et-0/0/2,et-0/0/3,edgeStyle=orthogonalEdgeStyle;curved=1;html=1;labelBackgroundColor=none;horizontal=0;labelPosition=center;verticalLabelPosition=middle;align=center;verticalAlign=middle;rotate=1;pointerEvents=1;
node-1,node-2,ethernet link 4,et-0/0/3,et-0/0/4,edgeStyle=orthogonalEdgeStyle;curved=1;html=1;labelBackgroundColor=none;horizontal=0;labelPosition=center;verticalLabelPosition=middle;align=center;verticalAlign=middle;rotate=1;pointerEvents=1;
node-1,node-2,ethernet link 5,et-0/0/4,et-0/0/5,edgeStyle=orthogonalEdgeStyle;curved=1;html=1;labelBackgroundColor=none;horizontal=0;labelPosition=center;verticalLabelPosition=middle;align=center;verticalAlign=middle;rotate=1;pointerEvents=1;
node-1,node-2,ethernet link 6,et-0/0/5,et-0/0/6,edgeStyle=orthogonalEdgeStyle;curved=1;html=1;labelBackgroundColor=none;horizontal=0;labelPosition=center;verticalLabelPosition=middle;align=center;verticalAlign=middle;rotate=1;pointerEvents=1;
node-1,node-2,ethernet link 7,et-0/0/6,et-0/0/7,edgeStyle=orthogonalEdgeStyle;curved=1;html=1;labelBackgroundColor=none;horizontal=0;labelPosition=center;verticalLabelPosition=middle;align=center;verticalAlign=middle;rotate=1;pointerEvents=1;
node-1,node-2,ethernet link 8,et-0/0/7,et-0/0/8,edgeStyle=orthogonalEdgeStyle;curved=1;html=1;labelBackgroundColor=none;horizontal=0;labelPosition=center;verticalLabelPosition=middle;align=center;verticalAlign=middle;rotate=1;pointerEvents=1;
node-1,node-2,ethernet link 9,et-0/0/8,et-0/0/9,edgeStyle=orthogonalEdgeStyle;curved=1;html=1;labelBackgroundColor=none;horizontal=0;labelPosition=center;verticalLabelPosition=middle;align=center;verticalAlign=middle;rotate=1;pointerEvents=1;
node-1,node-2,ethernet link 10,et-0/0/9,et-0/0/10,edgeStyle=orthogonalEdgeStyle;curved=1;html=1;labelBackgroundColor=none;horizontal=0;labelPosition=center;verticalLabelPosition=middle;align=center;verticalAlign=middle;rotate=1;pointerEvents=1;